freq,unit,co_nco,sector,finpos,na_item,geo,time,hh_total_financial_liabilities_mio_eur,country,year
A,MIO_EUR,NCO,S14_S15,LIAB,F,BE,1995,89542.900000000,BEL,1995
A,MIO_EUR,NCO,S14_S15,LIAB,F,BE,1996,91262.100000000,BEL,1996
A,MIO_EUR,NCO,S14_S15,LIAB,F,BE,1997,95855.500000000,BEL,1997
A,MIO_EUR,NCO,S14_S15,LIAB,F,BE,1998,99255.000000000,BEL,1998
A,MIO_EUR,NCO,S14_S15,LIAB,F,BE,1999,104869.400000000,BEL,1999
A,MIO_EUR,NCO,S14_S15,LIAB,F,BE,2000,107165.800000000,BEL,2000
A,MIO_EUR,NCO,S14_S15,LIAB,F,BE,2001,105863.900000000,BEL,2001
A,MIO_EUR,NCO,S14_S15,LIAB,F,BE,2002,109776.300000000,BEL,2002
A,MIO_EUR,NCO,S14_S15,LIAB,F,BE,2003,114579.100000000,BEL,2003
A,MIO_EUR,NCO,S14_S15,LIAB,F,BE,2004,124130.300000000,BEL,2004
A,MIO_EUR,NCO,S14_S15,LIAB,F,BE,2005,137885.700000000,BEL,2005
A,MIO_EUR,NCO,S14_S15,LIAB,F,BE,2006,151702.100000000,BEL,2006
A,MIO_EUR,NCO,S14_S15,LIAB,F,BE,2007,166707.900000000,BEL,2007
A,MIO_EUR,NCO,S14_S15,LIAB,F,BE,2008,180219.600000000,BEL,2008
A,MIO_EUR,NCO,S14_S15,LIAB,F,BE,2009,185980.000000000,BEL,2009
A,MIO_EUR,NCO,S14_S15,LIAB,F,BE,2010,197335.100000000,BEL,2010
A,MIO_EUR,NCO,S14_S15,LIAB,F,BE,2011,214251.100000000,BEL,2011
A,MIO_EUR,NCO,S14_S15,LIAB,F,BE,2012,221094.500000000,BEL,2012
A,MIO_EUR,NCO,S14_S15,LIAB,F,BE,2013,227685.100000000,BEL,2013
A,MIO_EUR,NCO,S14_S15,LIAB,F,BE,2014,240540.200000000,BEL,2014
A,MIO_EUR,NCO,S14_S15,LIAB,F,BE,2015,249485.100000000,BEL,2015
A,MIO_EUR,NCO,S14_S15,LIAB,F,BE,2016,260699.700000000,BEL,2016
A,MIO_EUR,NCO,S14_S15,LIAB,F,BE,2017,272101.100000000,BEL,2017
A,MIO_EUR,NCO,S14_S15,LIAB,F,BE,2018,281978.500000000,BEL,2018
A,MIO_EUR,NCO,S14_S15,LIAB,F,BE,2019,299038.900000000,BEL,2019
A,MIO_EUR,NCO,S14_S15,LIAB,F,BE,2020,310580.300000000,BEL,2020
A,MIO_EUR,NCO,S14_S15,LIAB,F,BE,2021,327971.000000000,BEL,2021
A,MIO_EUR,NCO,S14_S15,LIAB,F,BE,2022,345250.100000000,BEL,2022
A,MIO_EUR,NCO,S14_S15,LIAB,F,BE,2023,352512.400000000,BEL,2023
A,MIO_EUR,NCO,S14_S15,LIAB,F,BE,2024,360586.800000000,BEL,2024
A,MIO_EUR,NCO,S14_S15,LIAB,F,BG,1996,137.800000000,BGR,1996
A,MIO_EUR,NCO,S14_S15,LIAB,F,BG,1997,169.000000000,BGR,1997
A,MIO_EUR,NCO,S14_S15,LIAB,F,BG,1998,325.800000000,BGR,1998
A,MIO_EUR,NCO,S14_S15,LIAB,F,BG,1999,399.700000000,BGR,1999
A,MIO_EUR,NCO,S14_S15,LIAB,F,BG,2000,616.300000000,BGR,2000
A,MIO_EUR,NCO,S14_S15,LIAB,F,BG,2001,858.000000000,BGR,2001
A,MIO_EUR,NCO,S14_S15,LIAB,F,BG,2002,1173.600000000,BGR,2002
A,MIO_EUR,NCO,S14_S15,LIAB,F,BG,2003,1879.900000000,BGR,2003
A,MIO_EUR,NCO,S14_S15,LIAB,F,BG,2004,2782.600000000,BGR,2004
A,MIO_EUR,NCO,S14_S15,LIAB,F,BG,2005,4466.100000000,BGR,2005
A,MIO_EUR,NCO,S14_S15,LIAB,F,BG,2006,6340.000000000,BGR,2006
A,MIO_EUR,NCO,S14_S15,LIAB,F,BG,2007,9504.900000000,BGR,2007
A,MIO_EUR,NCO,S14_S15,LIAB,F,BG,2008,12574.000000000,BGR,2008
A,MIO_EUR,NCO,S14_S15,LIAB,F,BG,2009,12818.500000000,BGR,2009
A,MIO_EUR,NCO,S14_S15,LIAB,F,BG,2010,12986.800000000,BGR,2010
A,MIO_EUR,NCO,S14_S15,LIAB,F,BG,2011,12932.500000000,BGR,2011
A,MIO_EUR,NCO,S14_S15,LIAB,F,BG,2012,12663.500000000,BGR,2012
A,MIO_EUR,NCO,S14_S15,LIAB,F,BG,2013,12886.100000000,BGR,2013
A,MIO_EUR,NCO,S14_S15,LIAB,F,BG,2014,13320.700000000,BGR,2014
A,MIO_EUR,NCO,S14_S15,LIAB,F,BG,2015,13307.000000000,BGR,2015
A,MIO_EUR,NCO,S14_S15,LIAB,F,BG,2016,13696.300000000,BGR,2016
A,MIO_EUR,NCO,S14_S15,LIAB,F,BG,2017,14974.900000000,BGR,2017
A,MIO_EUR,NCO,S14_S15,LIAB,F,BG,2018,16146.800000000,BGR,2018
A,MIO_EUR,NCO,S14_S15,LIAB,F,BG,2019,17964.700000000,BGR,2019
A,MIO_EUR,NCO,S14_S15,LIAB,F,BG,2020,18970.600000000,BGR,2020
A,MIO_EUR,NCO,S14_S15,LIAB,F,BG,2021,20895.000000000,BGR,2021
A,MIO_EUR,NCO,S14_S15,LIAB,F,BG,2022,23506.100000000,BGR,2022
A,MIO_EUR,NCO,S14_S15,LIAB,F,BG,2023,26439.300000000,BGR,2023
A,MIO_EUR,NCO,S14_S15,LIAB,F,BG,2024,31536.500000000,BGR,2024
A,MIO_EUR,NCO,S14_S15,LIAB,F,CZ,1995,6817.400000000,CZE,1995
A,MIO_EUR,NCO,S14_S15,LIAB,F,CZ,1996,6050.400000000,CZE,1996
A,MIO_EUR,NCO,S14_S15,LIAB,F,CZ,1997,5833.600000000,CZE,1997
A,MIO_EUR,NCO,S14_S15,LIAB,F,CZ,1998,6294.000000000,CZE,1998
A,MIO_EUR,NCO,S14_S15,LIAB,F,CZ,1999,6818.400000000,CZE,1999
A,MIO_EUR,NCO,S14_S15,LIAB,F,CZ,2000,7901.300000000,CZE,2000
A,MIO_EUR,NCO,S14_S15,LIAB,F,CZ,2001,9473.600000000,CZE,2001
A,MIO_EUR,NCO,S14_S15,LIAB,F,CZ,2002,12174.100000000,CZE,2002
A,MIO_EUR,NCO,S14_S15,LIAB,F,CZ,2003,13383.100000000,CZE,2003
A,MIO_EUR,NCO,S14_S15,LIAB,F,CZ,2004,17513.900000000,CZE,2004
A,MIO_EUR,NCO,S14_S15,LIAB,F,CZ,2005,22503.100000000,CZE,2005
A,MIO_EUR,NCO,S14_S15,LIAB,F,CZ,2006,28270.800000000,CZE,2006
A,MIO_EUR,NCO,S14_S15,LIAB,F,CZ,2007,37923.100000000,CZE,2007
A,MIO_EUR,NCO,S14_S15,LIAB,F,CZ,2008,45019.400000000,CZE,2008
A,MIO_EUR,NCO,S14_S15,LIAB,F,CZ,2009,48816.100000000,CZE,2009
A,MIO_EUR,NCO,S14_S15,LIAB,F,CZ,2010,53617.300000000,CZE,2010
A,MIO_EUR,NCO,S14_S15,LIAB,F,CZ,2011,54896.000000000,CZE,2011
A,MIO_EUR,NCO,S14_S15,LIAB,F,CZ,2012,57896.700000000,CZE,2012
A,MIO_EUR,NCO,S14_S15,LIAB,F,CZ,2013,55815.100000000,CZE,2013
A,MIO_EUR,NCO,S14_S15,LIAB,F,CZ,2014,56021.900000000,CZE,2014
A,MIO_EUR,NCO,S14_S15,LIAB,F,CZ,2015,60470.800000000,CZE,2015
A,MIO_EUR,NCO,S14_S15,LIAB,F,CZ,2016,64436.500000000,CZE,2016
A,MIO_EUR,NCO,S14_S15,LIAB,F,CZ,2017,77069.800000000,CZE,2017
A,MIO_EUR,NCO,S14_S15,LIAB,F,CZ,2018,80781.500000000,CZE,2018
A,MIO_EUR,NCO,S14_S15,LIAB,F,CZ,2019,86162.200000000,CZE,2019
A,MIO_EUR,NCO,S14_S15,LIAB,F,CZ,2020,87963.800000000,CZE,2020
A,MIO_EUR,NCO,S14_S15,LIAB,F,CZ,2021,98852.600000000,CZE,2021
A,MIO_EUR,NCO,S14_S15,LIAB,F,CZ,2022,105852.300000000,CZE,2022
A,MIO_EUR,NCO,S14_S15,LIAB,F,CZ,2023,105837.200000000,CZE,2023
A,MIO_EUR,NCO,S14_S15,LIAB,F,CZ,2024,106790.100000000,CZE,2024
A,MIO_EUR,NCO,S14_S15,LIAB,F,DK,1995,107193.200000000,DNK,1995
A,MIO_EUR,NCO,S14_S15,LIAB,F,DK,1996,113622.500000000,DNK,1996
A,MIO_EUR,NCO,S14_S15,LIAB,F,DK,1997,120801.400000000,DNK,1997
A,MIO_EUR,NCO,S14_S15,LIAB,F,DK,1998,128661.500000000,DNK,1998
A,MIO_EUR,NCO,S14_S15,LIAB,F,DK,1999,133635.200000000,DNK,1999
A,MIO_EUR,NCO,S14_S15,LIAB,F,DK,2000,142202.200000000,DNK,2000
A,MIO_EUR,NCO,S14_S15,LIAB,F,DK,2001,156155.900000000,DNK,2001
A,MIO_EUR,NCO,S14_S15,LIAB,F,DK,2002,170191.000000000,DNK,2002
A,MIO_EUR,NCO,S14_S15,LIAB,F,DK,2003,184949.600000000,DNK,2003
A,MIO_EUR,NCO,S14_S15,LIAB,F,DK,2004,200821.000000000,DNK,2004
A,MIO_EUR,NCO,S14_S15,LIAB,F,DK,2005,224961.600000000,DNK,2005
A,MIO_EUR,NCO,S14_S15,LIAB,F,DK,2006,253342.700000000,DNK,2006
A,MIO_EUR,NCO,S14_S15,LIAB,F,DK,2007,278335.300000000,DNK,2007
A,MIO_EUR,NCO,S14_S15,LIAB,F,DK,2008,302600.100000000,DNK,2008
A,MIO_EUR,NCO,S14_S15,LIAB,F,DK,2009,315746.700000000,DNK,2009
A,MIO_EUR,NCO,S14_S15,LIAB,F,DK,2010,327321.100000000,DNK,2010
A,MIO_EUR,NCO,S14_S15,LIAB,F,DK,2011,327412.800000000,DNK,2011
A,MIO_EUR,NCO,S14_S15,LIAB,F,DK,2012,326991.300000000,DNK,2012
A,MIO_EUR,NCO,S14_S15,LIAB,F,DK,2013,334321.700000000,DNK,2013
A,MIO_EUR,NCO,S14_S15,LIAB,F,DK,2014,338348.800000000,DNK,2014
A,MIO_EUR,NCO,S14_S15,LIAB,F,DK,2015,333896.500000000,DNK,2015
A,MIO_EUR,NCO,S14_S15,LIAB,F,DK,2016,344039.700000000,DNK,2016
A,MIO_EUR,NCO,S14_S15,LIAB,F,DK,2017,348289.600000000,DNK,2017
A,MIO_EUR,NCO,S14_S15,LIAB,F,DK,2018,349471.600000000,DNK,2018
A,MIO_EUR,NCO,S14_S15,LIAB,F,DK,2019,358996.700000000,DNK,2019
A,MIO_EUR,NCO,S14_S15,LIAB,F,DK,2020,371268.400000000,DNK,2020
A,MIO_EUR,NCO,S14_S15,LIAB,F,DK,2021,370485.900000000,DNK,2021
A,MIO_EUR,NCO,S14_S15,LIAB,F,DK,2022,339558.800000000,DNK,2022
A,MIO_EUR,NCO,S14_S15,LIAB,F,DK,2023,348817.100000000,DNK,2023
A,MIO_EUR,NCO,S14_S15,LIAB,F,DK,2024,355232.900000000,DNK,2024
A,MIO_EUR,NCO,S14_S15,LIAB,F,DE,1995,1200288.300000000,DEU,1995
A,MIO_EUR,NCO,S14_S15,LIAB,F,DE,1996,1240144.900000000,DEU,1996
A,MIO_EUR,NCO,S14_S15,LIAB,F,DE,1997,1283216.500000000,DEU,1997
A,MIO_EUR,NCO,S14_S15,LIAB,F,DE,1998,1371637.000000000,DEU,1998
A,MIO_EUR,NCO,S14_S15,LIAB,F,DE,1999,1468426.000000000,DEU,1999
A,MIO_EUR,NCO,S14_S15,LIAB,F,DE,2000,1514503.000000000,DEU,2000
A,MIO_EUR,NCO,S14_S15,LIAB,F,DE,2001,1536038.000000000,DEU,2001
A,MIO_EUR,NCO,S14_S15,LIAB,F,DE,2002,1552572.000000000,DEU,2002
A,MIO_EUR,NCO,S14_S15,LIAB,F,DE,2003,1569114.000000000,DEU,2003
A,MIO_EUR,NCO,S14_S15,LIAB,F,DE,2004,1574650.000000000,DEU,2004
A,MIO_EUR,NCO,S14_S15,LIAB,F,DE,2005,1568833.000000000,DEU,2005
A,MIO_EUR,NCO,S14_S15,LIAB,F,DE,2006,1567651.000000000,DEU,2006
A,MIO_EUR,NCO,S14_S15,LIAB,F,DE,2007,1547152.000000000,DEU,2007
A,MIO_EUR,NCO,S14_S15,LIAB,F,DE,2008,1532852.000000000,DEU,2008
A,MIO_EUR,NCO,S14_S15,LIAB,F,DE,2009,1530147.000000000,DEU,2009
A,MIO_EUR,NCO,S14_S15,LIAB,F,DE,2010,1535190.000000000,DEU,2010
A,MIO_EUR,NCO,S14_S15,LIAB,F,DE,2011,1552805.000000000,DEU,2011
A,MIO_EUR,NCO,S14_S15,LIAB,F,DE,2012,1569473.000000000,DEU,2012
A,MIO_EUR,NCO,S14_S15,LIAB,F,DE,2013,1581084.000000000,DEU,2013
A,MIO_EUR,NCO,S14_S15,LIAB,F,DE,2014,1604459.000000000,DEU,2014
A,MIO_EUR,NCO,S14_S15,LIAB,F,DE,2015,1639034.000000000,DEU,2015
A,MIO_EUR,NCO,S14_S15,LIAB,F,DE,2016,1687667.000000000,DEU,2016
A,MIO_EUR,NCO,S14_S15,LIAB,F,DE,2017,1746436.000000000,DEU,2017
A,MIO_EUR,NCO,S14_S15,LIAB,F,DE,2018,1775988.000000000,DEU,2018
A,MIO_EUR,NCO,S14_S15,LIAB,F,DE,2019,1862004.000000000,DEU,2019
A,MIO_EUR,NCO,S14_S15,LIAB,F,DE,2020,1935455.000000000,DEU,2020
A,MIO_EUR,NCO,S14_S15,LIAB,F,DE,2021,2036323.000000000,DEU,2021
A,MIO_EUR,NCO,S14_S15,LIAB,F,DE,2022,2124009.000000000,DEU,2022
A,MIO_EUR,NCO,S14_S15,LIAB,F,DE,2023,2141387.000000000,DEU,2023
A,MIO_EUR,NCO,S14_S15,LIAB,F,DE,2024,2154837.000000000,DEU,2024
A,MIO_EUR,NCO,S14_S15,LIAB,F,EE,1995,136.200000000,EST,1995
A,MIO_EUR,NCO,S14_S15,LIAB,F,EE,1996,197.600000000,EST,1996
A,MIO_EUR,NCO,S14_S15,LIAB,F,EE,1997,371.400000000,EST,1997
A,MIO_EUR,NCO,S14_S15,LIAB,F,EE,1998,392.100000000,EST,1998
A,MIO_EUR,NCO,S14_S15,LIAB,F,EE,1999,489.100000000,EST,1999
A,MIO_EUR,NCO,S14_S15,LIAB,F,EE,2000,705.400000000,EST,2000
A,MIO_EUR,NCO,S14_S15,LIAB,F,EE,2001,946.200000000,EST,2001
A,MIO_EUR,NCO,S14_S15,LIAB,F,EE,2002,1352.100000000,EST,2002
A,MIO_EUR,NCO,S14_S15,LIAB,F,EE,2003,1890.100000000,EST,2003
A,MIO_EUR,NCO,S14_S15,LIAB,F,EE,2004,2517.700000000,EST,2004
A,MIO_EUR,NCO,S14_S15,LIAB,F,EE,2005,3795.900000000,EST,2005
A,MIO_EUR,NCO,S14_S15,LIAB,F,EE,2006,5911.500000000,EST,2006
A,MIO_EUR,NCO,S14_S15,LIAB,F,EE,2007,7881.800000000,EST,2007
A,MIO_EUR,NCO,S14_S15,LIAB,F,EE,2008,8695.500000000,EST,2008
A,MIO_EUR,NCO,S14_S15,LIAB,F,EE,2009,8390.900000000,EST,2009
A,MIO_EUR,NCO,S14_S15,LIAB,F,EE,2010,8319.200000000,EST,2010
A,MIO_EUR,NCO,S14_S15,LIAB,F,EE,2011,8364.600000000,EST,2011
A,MIO_EUR,NCO,S14_S15,LIAB,F,EE,2012,8272.100000000,EST,2012
A,MIO_EUR,NCO,S14_S15,LIAB,F,EE,2013,8394.700000000,EST,2013
A,MIO_EUR,NCO,S14_S15,LIAB,F,EE,2014,8677.800000000,EST,2014
A,MIO_EUR,NCO,S14_S15,LIAB,F,EE,2015,9122.600000000,EST,2015
A,MIO_EUR,NCO,S14_S15,LIAB,F,EE,2016,9677.000000000,EST,2016
A,MIO_EUR,NCO,S14_S15,LIAB,F,EE,2017,10410.800000000,EST,2017
A,MIO_EUR,NCO,S14_S15,LIAB,F,EE,2018,11121.700000000,EST,2018
A,MIO_EUR,NCO,S14_S15,LIAB,F,EE,2019,11928.900000000,EST,2019
A,MIO_EUR,NCO,S14_S15,LIAB,F,EE,2020,12435.500000000,EST,2020
A,MIO_EUR,NCO,S14_S15,LIAB,F,EE,2021,13419.400000000,EST,2021
A,MIO_EUR,NCO,S14_S15,LIAB,F,EE,2022,14876.400000000,EST,2022
A,MIO_EUR,NCO,S14_S15,LIAB,F,EE,2023,15711.500000000,EST,2023
A,MIO_EUR,NCO,S14_S15,LIAB,F,EE,2024,17057.800000000,EST,2024
A,MIO_EUR,NCO,S14_S15,LIAB,F,IE,2001,60386.000000000,IRL,2001
A,MIO_EUR,NCO,S14_S15,LIAB,F,IE,2002,73846.000000000,IRL,2002
A,MIO_EUR,NCO,S14_S15,LIAB,F,IE,2003,91739.000000000,IRL,2003
A,MIO_EUR,NCO,S14_S15,LIAB,F,IE,2004,113290.000000000,IRL,2004
A,MIO_EUR,NCO,S14_S15,LIAB,F,IE,2005,146238.000000000,IRL,2005
A,MIO_EUR,NCO,S14_S15,LIAB,F,IE,2006,174809.000000000,IRL,2006
A,MIO_EUR,NCO,S14_S15,LIAB,F,IE,2007,200191.000000000,IRL,2007
A,MIO_EUR,NCO,S14_S15,LIAB,F,IE,2008,212325.000000000,IRL,2008
A,MIO_EUR,NCO,S14_S15,LIAB,F,IE,2009,206805.000000000,IRL,2009
A,MIO_EUR,NCO,S14_S15,LIAB,F,IE,2010,193725.000000000,IRL,2010
A,MIO_EUR,NCO,S14_S15,LIAB,F,IE,2011,190184.000000000,IRL,2011
A,MIO_EUR,NCO,S14_S15,LIAB,F,IE,2012,180259.000000000,IRL,2012
A,MIO_EUR,NCO,S14_S15,LIAB,F,IE,2013,188486.000000000,IRL,2013
A,MIO_EUR,NCO,S14_S15,LIAB,F,IE,2014,175531.000000000,IRL,2014
A,MIO_EUR,NCO,S14_S15,LIAB,F,IE,2015,165094.000000000,IRL,2015
A,MIO_EUR,NCO,S14_S15,LIAB,F,IE,2016,155379.000000000,IRL,2016
A,MIO_EUR,NCO,S14_S15,LIAB,F,IE,2017,172816.000000000,IRL,2017
A,MIO_EUR,NCO,S14_S15,LIAB,F,IE,2018,166415.000000000,IRL,2018
A,MIO_EUR,NCO,S14_S15,LIAB,F,IE,2019,138388.000000000,IRL,2019
A,MIO_EUR,NCO,S14_S15,LIAB,F,IE,2020,137412.000000000,IRL,2020
A,MIO_EUR,NCO,S14_S15,LIAB,F,IE,2021,138145.000000000,IRL,2021
A,MIO_EUR,NCO,S14_S15,LIAB,F,IE,2022,147412.000000000,IRL,2022
A,MIO_EUR,NCO,S14_S15,LIAB,F,IE,2023,142584.000000000,IRL,2023
A,MIO_EUR,NCO,S14_S15,LIAB,F,IE,2024,142063.000000000,IRL,2024
A,MIO_EUR,NCO,S14_S15,LIAB,F,EL,1995,12965.500000000,GRC,1995
A,MIO_EUR,NCO,S14_S15,LIAB,F,EL,1996,16911.600000000,GRC,1996
A,MIO_EUR,NCO,S14_S15,LIAB,F,EL,1997,21336.800000000,GRC,1997
A,MIO_EUR,NCO,S14_S15,LIAB,F,EL,1998,21641.000000000,GRC,1998
A,MIO_EUR,NCO,S14_S15,LIAB,F,EL,1999,24793.400000000,GRC,1999
A,MIO_EUR,NCO,S14_S15,LIAB,F,EL,2000,31120.300000000,GRC,2000
A,MIO_EUR,NCO,S14_S15,LIAB,F,EL,2001,40255.200000000,GRC,2001
A,MIO_EUR,NCO,S14_S15,LIAB,F,EL,2002,49825.000000000,GRC,2002
A,MIO_EUR,NCO,S14_S15,LIAB,F,EL,2003,59448.800000000,GRC,2003
A,MIO_EUR,NCO,S14_S15,LIAB,F,EL,2004,73190.200000000,GRC,2004
A,MIO_EUR,NCO,S14_S15,LIAB,F,EL,2005,90419.600000000,GRC,2005
A,MIO_EUR,NCO,S14_S15,LIAB,F,EL,2006,108096.100000000,GRC,2006
A,MIO_EUR,NCO,S14_S15,LIAB,F,EL,2007,127782.600000000,GRC,2007
A,MIO_EUR,NCO,S14_S15,LIAB,F,EL,2008,141360.600000000,GRC,2008
A,MIO_EUR,NCO,S14_S15,LIAB,F,EL,2009,145052.900000000,GRC,2009
A,MIO_EUR,NCO,S14_S15,LIAB,F,EL,2010,158584.600000000,GRC,2010
A,MIO_EUR,NCO,S14_S15,LIAB,F,EL,2011,152232.700000000,GRC,2011
A,MIO_EUR,NCO,S14_S15,LIAB,F,EL,2012,148068.000000000,GRC,2012
A,MIO_EUR,NCO,S14_S15,LIAB,F,EL,2013,138517.900000000,GRC,2013
A,MIO_EUR,NCO,S14_S15,LIAB,F,EL,2014,132448.400000000,GRC,2014
A,MIO_EUR,NCO,S14_S15,LIAB,F,EL,2015,126148.000000000,GRC,2015
A,MIO_EUR,NCO,S14_S15,LIAB,F,EL,2016,124663.600000000,GRC,2016
A,MIO_EUR,NCO,S14_S15,LIAB,F,EL,2017,120995.600000000,GRC,2017
A,MIO_EUR,NCO,S14_S15,LIAB,F,EL,2018,122926.300000000,GRC,2018
A,MIO_EUR,NCO,S14_S15,LIAB,F,EL,2019,118575.800000000,GRC,2019
A,MIO_EUR,NCO,S14_S15,LIAB,F,EL,2020,116198.000000000,GRC,2020
A,MIO_EUR,NCO,S14_S15,LIAB,F,EL,2021,120619.000000000,GRC,2021
A,MIO_EUR,NCO,S14_S15,LIAB,F,EL,2022,112021.300000000,GRC,2022
A,MIO_EUR,NCO,S14_S15,LIAB,F,EL,2023,109983.300000000,GRC,2023
A,MIO_EUR,NCO,S14_S15,LIAB,F,EL,2024,110790.500000000,GRC,2024
A,MIO_EUR,NCO,S14_S15,LIAB,F,ES,1995,196307.500000000,ESP,1995
A,MIO_EUR,NCO,S14_S15,LIAB,F,ES,1996,205426.700000000,ESP,1996
A,MIO_EUR,NCO,S14_S15,LIAB,F,ES,1997,222769.500000000,ESP,1997
A,MIO_EUR,NCO,S14_S15,LIAB,F,ES,1998,258441.000000000,ESP,1998
A,MIO_EUR,NCO,S14_S15,LIAB,F,ES,1999,301026.000000000,ESP,1999
A,MIO_EUR,NCO,S14_S15,LIAB,F,ES,2000,347813.000000000,ESP,2000
A,MIO_EUR,NCO,S14_S15,LIAB,F,ES,2001,385532.000000000,ESP,2001
A,MIO_EUR,NCO,S14_S15,LIAB,F,ES,2002,441929.000000000,ESP,2002
A,MIO_EUR,NCO,S14_S15,LIAB,F,ES,2003,513905.000000000,ESP,2003
A,MIO_EUR,NCO,S14_S15,LIAB,F,ES,2004,604372.000000000,ESP,2004
A,MIO_EUR,NCO,S14_S15,LIAB,F,ES,2005,715161.000000000,ESP,2005
A,MIO_EUR,NCO,S14_S15,LIAB,F,ES,2006,846316.000000000,ESP,2006
A,MIO_EUR,NCO,S14_S15,LIAB,F,ES,2007,933916.000000000,ESP,2007
A,MIO_EUR,NCO,S14_S15,LIAB,F,ES,2008,966378.000000000,ESP,2008
A,MIO_EUR,NCO,S14_S15,LIAB,F,ES,2009,957033.000000000,ESP,2009
A,MIO_EUR,NCO,S14_S15,LIAB,F,ES,2010,961462.000000000,ESP,2010
A,MIO_EUR,NCO,S14_S15,LIAB,F,ES,2011,931616.000000000,ESP,2011
A,MIO_EUR,NCO,S14_S15,LIAB,F,ES,2012,890776.000000000,ESP,2012
A,MIO_EUR,NCO,S14_S15,LIAB,F,ES,2013,841373.000000000,ESP,2013
A,MIO_EUR,NCO,S14_S15,LIAB,F,ES,2014,803436.000000000,ESP,2014
A,MIO_EUR,NCO,S14_S15,LIAB,F,ES,2015,772414.000000000,ESP,2015
A,MIO_EUR,NCO,S14_S15,LIAB,F,ES,2016,760633.000000000,ESP,2016
A,MIO_EUR,NCO,S14_S15,LIAB,F,ES,2017,757185.000000000,ESP,2017
A,MIO_EUR,NCO,S14_S15,LIAB,F,ES,2018,757757.000000000,ESP,2018
A,MIO_EUR,NCO,S14_S15,LIAB,F,ES,2019,757589.000000000,ESP,2019
A,MIO_EUR,NCO,S14_S15,LIAB,F,ES,2020,750567.000000000,ESP,2020
A,MIO_EUR,NCO,S14_S15,LIAB,F,ES,2021,759770.000000000,ESP,2021
A,MIO_EUR,NCO,S14_S15,LIAB,F,ES,2022,764335.000000000,ESP,2022
A,MIO_EUR,NCO,S14_S15,LIAB,F,ES,2023,748445.000000000,ESP,2023
A,MIO_EUR,NCO,S14_S15,LIAB,F,ES,2024,761443.000000000,ESP,2024
A,MIO_EUR,NCO,S14_S15,LIAB,F,FR,1995,531050.200000000,FRA,1995
A,MIO_EUR,NCO,S14_S15,LIAB,F,FR,1996,546958.200000000,FRA,1996
A,MIO_EUR,NCO,S14_S15,LIAB,F,FR,1997,577337.100000000,FRA,1997
A,MIO_EUR,NCO,S14_S15,LIAB,F,FR,1998,606627.000000000,FRA,1998
A,MIO_EUR,NCO,S14_S15,LIAB,F,FR,1999,653312.000000000,FRA,1999
A,MIO_EUR,NCO,S14_S15,LIAB,F,FR,2000,677193.000000000,FRA,2000
A,MIO_EUR,NCO,S14_S15,LIAB,F,FR,2001,720273.000000000,FRA,2001
A,MIO_EUR,NCO,S14_S15,LIAB,F,FR,2002,779897.000000000,FRA,2002
A,MIO_EUR,NCO,S14_S15,LIAB,F,FR,2003,833085.000000000,FRA,2003
A,MIO_EUR,NCO,S14_S15,LIAB,F,FR,2004,869794.000000000,FRA,2004
A,MIO_EUR,NCO,S14_S15,LIAB,F,FR,2005,967702.000000000,FRA,2005
A,MIO_EUR,NCO,S14_S15,LIAB,F,FR,2006,1071904.000000000,FRA,2006
A,MIO_EUR,NCO,S14_S15,LIAB,F,FR,2007,1184553.000000000,FRA,2007
A,MIO_EUR,NCO,S14_S15,LIAB,F,FR,2008,1239425.000000000,FRA,2008
A,MIO_EUR,NCO,S14_S15,LIAB,F,FR,2009,1331543.000000000,FRA,2009
A,MIO_EUR,NCO,S14_S15,LIAB,F,FR,2010,1419872.000000000,FRA,2010
A,MIO_EUR,NCO,S14_S15,LIAB,F,FR,2011,1467538.000000000,FRA,2011
A,MIO_EUR,NCO,S14_S15,LIAB,F,FR,2012,1437692.000000000,FRA,2012
A,MIO_EUR,NCO,S14_S15,LIAB,F,FR,2013,1464335.000000000,FRA,2013
A,MIO_EUR,NCO,S14_S15,LIAB,F,FR,2014,1498208.000000000,FRA,2014
A,MIO_EUR,NCO,S14_S15,LIAB,F,FR,2015,1550244.000000000,FRA,2015
A,MIO_EUR,NCO,S14_S15,LIAB,F,FR,2016,1596323.000000000,FRA,2016
A,MIO_EUR,NCO,S14_S15,LIAB,F,FR,2017,1679398.000000000,FRA,2017
A,MIO_EUR,NCO,S14_S15,LIAB,F,FR,2018,1753711.000000000,FRA,2018
A,MIO_EUR,NCO,S14_S15,LIAB,F,FR,2019,1817100.000000000,FRA,2019
A,MIO_EUR,NCO,S14_S15,LIAB,F,FR,2020,1900422.000000000,FRA,2020
A,MIO_EUR,NCO,S14_S15,LIAB,F,FR,2021,1988925.000000000,FRA,2021
A,MIO_EUR,NCO,S14_S15,LIAB,F,FR,2022,2078965.000000000,FRA,2022
A,MIO_EUR,NCO,S14_S15,LIAB,F,FR,2023,2112225.000000000,FRA,2023
A,MIO_EUR,NCO,S14_S15,LIAB,F,FR,2024,2103667.000000000,FRA,2024
A,MIO_EUR,NCO,S14_S15,LIAB,F,HR,1995,738.400000000,HRV,1995
A,MIO_EUR,NCO,S14_S15,LIAB,F,HR,1996,996.100000000,HRV,1996
A,MIO_EUR,NCO,S14_S15,LIAB,F,HR,1997,1926.300000000,HRV,1997
A,MIO_EUR,NCO,S14_S15,LIAB,F,HR,1998,2562.400000000,HRV,1998
A,MIO_EUR,NCO,S14_S15,LIAB,F,HR,1999,2740.800000000,HRV,1999
A,MIO_EUR,NCO,S14_S15,LIAB,F,HR,2000,3326.100000000,HRV,2000
A,MIO_EUR,NCO,S14_S15,LIAB,F,HR,2001,4724.300000000,HRV,2001
A,MIO_EUR,NCO,S14_S15,LIAB,F,HR,2002,6589.600000000,HRV,2002
A,MIO_EUR,NCO,S14_S15,LIAB,F,HR,2003,8103.700000000,HRV,2003
A,MIO_EUR,NCO,S14_S15,LIAB,F,HR,2004,9950.800000000,HRV,2004
A,MIO_EUR,NCO,S14_S15,LIAB,F,HR,2005,12319.900000000,HRV,2005
A,MIO_EUR,NCO,S14_S15,LIAB,F,HR,2006,14938.700000000,HRV,2006
A,MIO_EUR,NCO,S14_S15,LIAB,F,HR,2007,17735.000000000,HRV,2007
A,MIO_EUR,NCO,S14_S15,LIAB,F,HR,2008,20398.200000000,HRV,2008
A,MIO_EUR,NCO,S14_S15,LIAB,F,HR,2009,19938.800000000,HRV,2009
A,MIO_EUR,NCO,S14_S15,LIAB,F,HR,2010,20253.300000000,HRV,2010
A,MIO_EUR,NCO,S14_S15,LIAB,F,HR,2011,19938.700000000,HRV,2011
A,MIO_EUR,NCO,S14_S15,LIAB,F,HR,2012,19594.000000000,HRV,2012
A,MIO_EUR,NCO,S14_S15,LIAB,F,HR,2013,19098.500000000,HRV,2013
A,MIO_EUR,NCO,S14_S15,LIAB,F,HR,2014,18944.500000000,HRV,2014
A,MIO_EUR,NCO,S14_S15,LIAB,F,HR,2015,18647.500000000,HRV,2015
A,MIO_EUR,NCO,S14_S15,LIAB,F,HR,2016,17983.300000000,HRV,2016
A,MIO_EUR,NCO,S14_S15,LIAB,F,HR,2017,18601.000000000,HRV,2017
A,MIO_EUR,NCO,S14_S15,LIAB,F,HR,2018,19521.600000000,HRV,2018
A,MIO_EUR,NCO,S14_S15,LIAB,F,HR,2019,20793.000000000,HRV,2019
A,MIO_EUR,NCO,S14_S15,LIAB,F,HR,2020,20889.100000000,HRV,2020
A,MIO_EUR,NCO,S14_S15,LIAB,F,HR,2021,21850.900000000,HRV,2021
A,MIO_EUR,NCO,S14_S15,LIAB,F,HR,2022,22998.200000000,HRV,2022
A,MIO_EUR,NCO,S14_S15,LIAB,F,HR,2023,25269.700000000,HRV,2023
A,MIO_EUR,NCO,S14_S15,LIAB,F,HR,2024,27906.300000000,HRV,2024
A,MIO_EUR,NCO,S14_S15,LIAB,F,IT,1995,246577.400000000,ITA,1995
A,MIO_EUR,NCO,S14_S15,LIAB,F,IT,1996,291505.900000000,ITA,1996
A,MIO_EUR,NCO,S14_S15,LIAB,F,IT,1997,312014.800000000,ITA,1997
A,MIO_EUR,NCO,S14_S15,LIAB,F,IT,1998,332516.000000000,ITA,1998
A,MIO_EUR,NCO,S14_S15,LIAB,F,IT,1999,379373.000000000,ITA,1999
A,MIO_EUR,NCO,S14_S15,LIAB,F,IT,2000,425888.000000000,ITA,2000
A,MIO_EUR,NCO,S14_S15,LIAB,F,IT,2001,464634.000000000,ITA,2001
A,MIO_EUR,NCO,S14_S15,LIAB,F,IT,2002,507583.000000000,ITA,2002
A,MIO_EUR,NCO,S14_S15,LIAB,F,IT,2003,554072.000000000,ITA,2003
A,MIO_EUR,NCO,S14_S15,LIAB,F,IT,2004,610060.000000000,ITA,2004
A,MIO_EUR,NCO,S14_S15,LIAB,F,IT,2005,674719.000000000,ITA,2005
A,MIO_EUR,NCO,S14_S15,LIAB,F,IT,2006,748317.000000000,ITA,2006
A,MIO_EUR,NCO,S14_S15,LIAB,F,IT,2007,817779.000000000,ITA,2007
A,MIO_EUR,NCO,S14_S15,LIAB,F,IT,2008,846134.000000000,ITA,2008
A,MIO_EUR,NCO,S14_S15,LIAB,F,IT,2009,872731.000000000,ITA,2009
A,MIO_EUR,NCO,S14_S15,LIAB,F,IT,2010,908443.000000000,ITA,2010
A,MIO_EUR,NCO,S14_S15,LIAB,F,IT,2011,925872.000000000,ITA,2011
A,MIO_EUR,NCO,S14_S15,LIAB,F,IT,2012,917251.000000000,ITA,2012
A,MIO_EUR,NCO,S14_S15,LIAB,F,IT,2013,906365.000000000,ITA,2013
A,MIO_EUR,NCO,S14_S15,LIAB,F,IT,2014,901971.000000000,ITA,2014
A,MIO_EUR,NCO,S14_S15,LIAB,F,IT,2015,902373.000000000,ITA,2015
A,MIO_EUR,NCO,S14_S15,LIAB,F,IT,2016,914264.000000000,ITA,2016
A,MIO_EUR,NCO,S14_S15,LIAB,F,IT,2017,928138.000000000,ITA,2017
A,MIO_EUR,NCO,S14_S15,LIAB,F,IT,2018,942866.000000000,ITA,2018
A,MIO_EUR,NCO,S14_S15,LIAB,F,IT,2019,966305.000000000,ITA,2019
A,MIO_EUR,NCO,S14_S15,LIAB,F,IT,2020,969778.000000000,ITA,2020
A,MIO_EUR,NCO,S14_S15,LIAB,F,IT,2021,1005889.000000000,ITA,2021
A,MIO_EUR,NCO,S14_S15,LIAB,F,IT,2022,1032525.000000000,ITA,2022
A,MIO_EUR,NCO,S14_S15,LIAB,F,IT,2023,1034790.000000000,ITA,2023
A,MIO_EUR,NCO,S14_S15,LIAB,F,IT,2024,1042934.000000000,ITA,2024
A,MIO_EUR,NCO,S14_S15,LIAB,F,CY,1995,5613.000000000,CYP,1995
A,MIO_EUR,NCO,S14_S15,LIAB,F,CY,1996,6223.800000000,CYP,1996
A,MIO_EUR,NCO,S14_S15,LIAB,F,CY,1997,6960.900000000,CYP,1997
A,MIO_EUR,NCO,S14_S15,LIAB,F,CY,1998,7746.800000000,CYP,1998
A,MIO_EUR,NCO,S14_S15,LIAB,F,CY,1999,9033.000000000,CYP,1999
A,MIO_EUR,NCO,S14_S15,LIAB,F,CY,2000,9990.100000000,CYP,2000
A,MIO_EUR,NCO,S14_S15,LIAB,F,CY,2001,10376.600000000,CYP,2001
A,MIO_EUR,NCO,S14_S15,LIAB,F,CY,2002,10898.700000000,CYP,2002
A,MIO_EUR,NCO,S14_S15,LIAB,F,CY,2003,10852.000000000,CYP,2003
A,MIO_EUR,NCO,S14_S15,LIAB,F,CY,2004,12018.000000000,CYP,2004
A,MIO_EUR,NCO,S14_S15,LIAB,F,CY,2005,15667.500000000,CYP,2005
A,MIO_EUR,NCO,S14_S15,LIAB,F,CY,2006,17062.700000000,CYP,2006
A,MIO_EUR,NCO,S14_S15,LIAB,F,CY,2007,19727.700000000,CYP,2007
A,MIO_EUR,NCO,S14_S15,LIAB,F,CY,2008,22641.400000000,CYP,2008
A,MIO_EUR,NCO,S14_S15,LIAB,F,CY,2009,24221.700000000,CYP,2009
A,MIO_EUR,NCO,S14_S15,LIAB,F,CY,2010,26223.500000000,CYP,2010
A,MIO_EUR,NCO,S14_S15,LIAB,F,CY,2011,27546.500000000,CYP,2011
A,MIO_EUR,NCO,S14_S15,LIAB,F,CY,2012,28408.700000000,CYP,2012
A,MIO_EUR,NCO,S14_S15,LIAB,F,CY,2013,27109.800000000,CYP,2013
A,MIO_EUR,NCO,S14_S15,LIAB,F,CY,2014,26491.100000000,CYP,2014
A,MIO_EUR,NCO,S14_S15,LIAB,F,CY,2015,26353.500000000,CYP,2015
A,MIO_EUR,NCO,S14_S15,LIAB,F,CY,2016,25958.000000000,CYP,2016
A,MIO_EUR,NCO,S14_S15,LIAB,F,CY,2017,25348.300000000,CYP,2017
A,MIO_EUR,NCO,S14_S15,LIAB,F,CY,2018,24995.200000000,CYP,2018
A,MIO_EUR,NCO,S14_S15,LIAB,F,CY,2019,24275.300000000,CYP,2019
A,MIO_EUR,NCO,S14_S15,LIAB,F,CY,2020,24074.200000000,CYP,2020
A,MIO_EUR,NCO,S14_S15,LIAB,F,CY,2021,24731.500000000,CYP,2021
A,MIO_EUR,NCO,S14_S15,LIAB,F,CY,2022,24825.800000000,CYP,2022
A,MIO_EUR,NCO,S14_S15,LIAB,F,CY,2023,25009.600000000,CYP,2023
A,MIO_EUR,NCO,S14_S15,LIAB,F,CY,2024,24721.900000000,CYP,2024
A,MIO_EUR,NCO,S14_S15,LIAB,F,LV,1995,79.700000000,LVA,1995
A,MIO_EUR,NCO,S14_S15,LIAB,F,LV,1996,102.900000000,LVA,1996
A,MIO_EUR,NCO,S14_S15,LIAB,F,LV,1997,159.700000000,LVA,1997
A,MIO_EUR,NCO,S14_S15,LIAB,F,LV,1998,236.100000000,LVA,1998
A,MIO_EUR,NCO,S14_S15,LIAB,F,LV,1999,333.400000000,LVA,1999
A,MIO_EUR,NCO,S14_S15,LIAB,F,LV,2000,582.800000000,LVA,2000
A,MIO_EUR,NCO,S14_S15,LIAB,F,LV,2001,726.400000000,LVA,2001
A,MIO_EUR,NCO,S14_S15,LIAB,F,LV,2002,995.800000000,LVA,2002
A,MIO_EUR,NCO,S14_S15,LIAB,F,LV,2003,2320.000000000,LVA,2003
A,MIO_EUR,NCO,S14_S15,LIAB,F,LV,2004,2238.600000000,LVA,2004
A,MIO_EUR,NCO,S14_S15,LIAB,F,LV,2005,4240.800000000,LVA,2005
A,MIO_EUR,NCO,S14_S15,LIAB,F,LV,2006,7048.200000000,LVA,2006
A,MIO_EUR,NCO,S14_S15,LIAB,F,LV,2007,9883.100000000,LVA,2007
A,MIO_EUR,NCO,S14_S15,LIAB,F,LV,2008,10408.600000000,LVA,2008
A,MIO_EUR,NCO,S14_S15,LIAB,F,LV,2009,9540.800000000,LVA,2009
A,MIO_EUR,NCO,S14_S15,LIAB,F,LV,2010,8973.800000000,LVA,2010
A,MIO_EUR,NCO,S14_S15,LIAB,F,LV,2011,8423.600000000,LVA,2011
A,MIO_EUR,NCO,S14_S15,LIAB,F,LV,2012,7684.800000000,LVA,2012
A,MIO_EUR,NCO,S14_S15,LIAB,F,LV,2013,7147.000000000,LVA,2013
A,MIO_EUR,NCO,S14_S15,LIAB,F,LV,2014,6795.000000000,LVA,2014
A,MIO_EUR,NCO,S14_S15,LIAB,F,LV,2015,7078.000000000,LVA,2015
A,MIO_EUR,NCO,S14_S15,LIAB,F,LV,2016,6745.000000000,LVA,2016
A,MIO_EUR,NCO,S14_S15,LIAB,F,LV,2017,6835.000000000,LVA,2017
A,MIO_EUR,NCO,S14_S15,LIAB,F,LV,2018,6801.000000000,LVA,2018
A,MIO_EUR,NCO,S14_S15,LIAB,F,LV,2019,6951.000000000,LVA,2019
A,MIO_EUR,NCO,S14_S15,LIAB,F,LV,2020,6970.000000000,LVA,2020
A,MIO_EUR,NCO,S14_S15,LIAB,F,LV,2021,7619.000000000,LVA,2021
A,MIO_EUR,NCO,S14_S15,LIAB,F,LV,2022,8010.000000000,LVA,2022
A,MIO_EUR,NCO,S14_S15,LIAB,F,LV,2023,8399.000000000,LVA,2023
A,MIO_EUR,NCO,S14_S15,LIAB,F,LV,2024,9150.000000000,LVA,2024
A,MIO_EUR,NCO,S14_S15,LIAB,F,LT,1995,175.800000000,LTU,1995
A,MIO_EUR,NCO,S14_S15,LIAB,F,LT,1996,189.100000000,LTU,1996
A,MIO_EUR,NCO,S14_S15,LIAB,F,LT,1997,225.600000000,LTU,1997
A,MIO_EUR,NCO,S14_S15,LIAB,F,LT,1998,172.400000000,LTU,1998
A,MIO_EUR,NCO,S14_S15,LIAB,F,LT,1999,229.200000000,LTU,1999
A,MIO_EUR,NCO,S14_S15,LIAB,F,LT,2000,258.100000000,LTU,2000
A,MIO_EUR,NCO,S14_S15,LIAB,F,LT,2001,329.700000000,LTU,2001
A,MIO_EUR,NCO,S14_S15,LIAB,F,LT,2002,561.200000000,LTU,2002
A,MIO_EUR,NCO,S14_S15,LIAB,F,LT,2003,1646.600000000,LTU,2003
A,MIO_EUR,NCO,S14_S15,LIAB,F,LT,2004,1831.900000000,LTU,2004
A,MIO_EUR,NCO,S14_S15,LIAB,F,LT,2005,3761.300000000,LTU,2005
A,MIO_EUR,NCO,S14_S15,LIAB,F,LT,2006,6140.000000000,LTU,2006
A,MIO_EUR,NCO,S14_S15,LIAB,F,LT,2007,9130.400000000,LTU,2007
A,MIO_EUR,NCO,S14_S15,LIAB,F,LT,2008,11116.600000000,LTU,2008
A,MIO_EUR,NCO,S14_S15,LIAB,F,LT,2009,10110.400000000,LTU,2009
A,MIO_EUR,NCO,S14_S15,LIAB,F,LT,2010,9885.700000000,LTU,2010
A,MIO_EUR,NCO,S14_S15,LIAB,F,LT,2011,9396.000000000,LTU,2011
A,MIO_EUR,NCO,S14_S15,LIAB,F,LT,2012,9624.700000000,LTU,2012
A,MIO_EUR,NCO,S14_S15,LIAB,F,LT,2013,9544.600000000,LTU,2013
A,MIO_EUR,NCO,S14_S15,LIAB,F,LT,2014,9919.900000000,LTU,2014
A,MIO_EUR,NCO,S14_S15,LIAB,F,LT,2015,12224.400000000,LTU,2015
A,MIO_EUR,NCO,S14_S15,LIAB,F,LT,2016,12201.800000000,LTU,2016
A,MIO_EUR,NCO,S14_S15,LIAB,F,LT,2017,13788.000000000,LTU,2017
A,MIO_EUR,NCO,S14_S15,LIAB,F,LT,2018,14952.000000000,LTU,2018
A,MIO_EUR,NCO,S14_S15,LIAB,F,LT,2019,16376.400000000,LTU,2019
A,MIO_EUR,NCO,S14_S15,LIAB,F,LT,2020,17158.200000000,LTU,2020
A,MIO_EUR,NCO,S14_S15,LIAB,F,LT,2021,17152.900000000,LTU,2021
A,MIO_EUR,NCO,S14_S15,LIAB,F,LT,2022,17555.200000000,LTU,2022
A,MIO_EUR,NCO,S14_S15,LIAB,F,LT,2023,21487.800000000,LTU,2023
A,MIO_EUR,NCO,S14_S15,LIAB,F,LT,2024,23706.400000000,LTU,2024
A,MIO_EUR,NCO,S14_S15,LIAB,F,LU,1995,6093.900000000,LUX,1995
A,MIO_EUR,NCO,S14_S15,LIAB,F,LU,1996,6043.000000000,LUX,1996
A,MIO_EUR,NCO,S14_S15,LIAB,F,LU,1997,6493.000000000,LUX,1997
A,MIO_EUR,NCO,S14_S15,LIAB,F,LU,1998,6681.200000000,LUX,1998
A,MIO_EUR,NCO,S14_S15,LIAB,F,LU,1999,7852.200000000,LUX,1999
A,MIO_EUR,NCO,S14_S15,LIAB,F,LU,2000,8909.700000000,LUX,2000
A,MIO_EUR,NCO,S14_S15,LIAB,F,LU,2001,9361.700000000,LUX,2001
A,MIO_EUR,NCO,S14_S15,LIAB,F,LU,2002,9947.400000000,LUX,2002
A,MIO_EUR,NCO,S14_S15,LIAB,F,LU,2003,11348.700000000,LUX,2003
A,MIO_EUR,NCO,S14_S15,LIAB,F,LU,2004,12447.900000000,LUX,2004
A,MIO_EUR,NCO,S14_S15,LIAB,F,LU,2005,13986.500000000,LUX,2005
A,MIO_EUR,NCO,S14_S15,LIAB,F,LU,2006,15742.900000000,LUX,2006
A,MIO_EUR,NCO,S14_S15,LIAB,F,LU,2007,19278.000000000,LUX,2007
A,MIO_EUR,NCO,S14_S15,LIAB,F,LU,2008,20815.400000000,LUX,2008
A,MIO_EUR,NCO,S14_S15,LIAB,F,LU,2009,21789.800000000,LUX,2009
A,MIO_EUR,NCO,S14_S15,LIAB,F,LU,2010,23580.100000000,LUX,2010
A,MIO_EUR,NCO,S14_S15,LIAB,F,LU,2011,25228.800000000,LUX,2011
A,MIO_EUR,NCO,S14_S15,LIAB,F,LU,2012,27289.200000000,LUX,2012
A,MIO_EUR,NCO,S14_S15,LIAB,F,LU,2013,28356.600000000,LUX,2013
A,MIO_EUR,NCO,S14_S15,LIAB,F,LU,2014,30703.700000000,LUX,2014
A,MIO_EUR,NCO,S14_S15,LIAB,F,LU,2015,32421.500000000,LUX,2015
A,MIO_EUR,NCO,S14_S15,LIAB,F,LU,2016,34444.100000000,LUX,2016
A,MIO_EUR,NCO,S14_S15,LIAB,F,LU,2017,36861.600000000,LUX,2017
A,MIO_EUR,NCO,S14_S15,LIAB,F,LU,2018,40033.800000000,LUX,2018
A,MIO_EUR,NCO,S14_S15,LIAB,F,LU,2019,42482.600000000,LUX,2019
A,MIO_EUR,NCO,S14_S15,LIAB,F,LU,2020,45024.700000000,LUX,2020
A,MIO_EUR,NCO,S14_S15,LIAB,F,LU,2021,48831.200000000,LUX,2021
A,MIO_EUR,NCO,S14_S15,LIAB,F,LU,2022,52506.000000000,LUX,2022
A,MIO_EUR,NCO,S14_S15,LIAB,F,LU,2023,52599.400000000,LUX,2023
A,MIO_EUR,NCO,S14_S15,LIAB,F,LU,2024,53812.900000000,LUX,2024
A,MIO_EUR,NCO,S14_S15,LIAB,F,HU,1995,3603.100000000,HUN,1995
A,MIO_EUR,NCO,S14_S15,LIAB,F,HU,1996,3480.100000000,HUN,1996
A,MIO_EUR,NCO,S14_S15,LIAB,F,HU,1997,3758.200000000,HUN,1997
A,MIO_EUR,NCO,S14_S15,LIAB,F,HU,1998,3755.900000000,HUN,1998
A,MIO_EUR,NCO,S14_S15,LIAB,F,HU,1999,4540.100000000,HUN,1999
A,MIO_EUR,NCO,S14_S15,LIAB,F,HU,2000,5768.800000000,HUN,2000
A,MIO_EUR,NCO,S14_S15,LIAB,F,HU,2001,8312.300000000,HUN,2001
A,MIO_EUR,NCO,S14_S15,LIAB,F,HU,2002,12397.800000000,HUN,2002
A,MIO_EUR,NCO,S14_S15,LIAB,F,HU,2003,15957.400000000,HUN,2003
A,MIO_EUR,NCO,S14_S15,LIAB,F,HU,2004,21323.900000000,HUN,2004
A,MIO_EUR,NCO,S14_S15,LIAB,F,HU,2005,25280.100000000,HUN,2005
A,MIO_EUR,NCO,S14_S15,LIAB,F,HU,2006,30100.200000000,HUN,2006
A,MIO_EUR,NCO,S14_S15,LIAB,F,HU,2007,35502.300000000,HUN,2007
A,MIO_EUR,NCO,S14_S15,LIAB,F,HU,2008,42293.600000000,HUN,2008
A,MIO_EUR,NCO,S14_S15,LIAB,F,HU,2009,42004.400000000,HUN,2009
A,MIO_EUR,NCO,S14_S15,LIAB,F,HU,2010,43749.400000000,HUN,2010
A,MIO_EUR,NCO,S14_S15,LIAB,F,HU,2011,38447.600000000,HUN,2011
A,MIO_EUR,NCO,S14_S15,LIAB,F,HU,2012,36416.100000000,HUN,2012
A,MIO_EUR,NCO,S14_S15,LIAB,F,HU,2013,33949.200000000,HUN,2013
A,MIO_EUR,NCO,S14_S15,LIAB,F,HU,2014,31735.900000000,HUN,2014
A,MIO_EUR,NCO,S14_S15,LIAB,F,HU,2015,28579.500000000,HUN,2015
A,MIO_EUR,NCO,S14_S15,LIAB,F,HU,2016,29008.600000000,HUN,2016
A,MIO_EUR,NCO,S14_S15,LIAB,F,HU,2017,29248.200000000,HUN,2017
A,MIO_EUR,NCO,S14_S15,LIAB,F,HU,2018,29526.700000000,HUN,2018
A,MIO_EUR,NCO,S14_S15,LIAB,F,HU,2019,32330.400000000,HUN,2019
A,MIO_EUR,NCO,S14_S15,LIAB,F,HU,2020,33060.900000000,HUN,2020
A,MIO_EUR,NCO,S14_S15,LIAB,F,HU,2021,37379.400000000,HUN,2021
A,MIO_EUR,NCO,S14_S15,LIAB,F,HU,2022,36816.900000000,HUN,2022
A,MIO_EUR,NCO,S14_S15,LIAB,F,HU,2023,40483.900000000,HUN,2023
A,MIO_EUR,NCO,S14_S15,LIAB,F,HU,2024,41161.700000000,HUN,2024
A,MIO_EUR,NCO,S14_S15,LIAB,F,MT,1995,668.000000000,MLT,1995
A,MIO_EUR,NCO,S14_S15,LIAB,F,MT,1996,795.000000000,MLT,1996
A,MIO_EUR,NCO,S14_S15,LIAB,F,MT,1997,903.400000000,MLT,1997
A,MIO_EUR,NCO,S14_S15,LIAB,F,MT,1998,993.700000000,MLT,1998
A,MIO_EUR,NCO,S14_S15,LIAB,F,MT,1999,1218.600000000,MLT,1999
A,MIO_EUR,NCO,S14_S15,LIAB,F,MT,2000,1407.500000000,MLT,2000
A,MIO_EUR,NCO,S14_S15,LIAB,F,MT,2001,1691.000000000,MLT,2001
A,MIO_EUR,NCO,S14_S15,LIAB,F,MT,2002,1785.500000000,MLT,2002
A,MIO_EUR,NCO,S14_S15,LIAB,F,MT,2003,2329.400000000,MLT,2003
A,MIO_EUR,NCO,S14_S15,LIAB,F,MT,2004,2603.200000000,MLT,2004
A,MIO_EUR,NCO,S14_S15,LIAB,F,MT,2005,2900.200000000,MLT,2005
A,MIO_EUR,NCO,S14_S15,LIAB,F,MT,2006,3260.000000000,MLT,2006
A,MIO_EUR,NCO,S14_S15,LIAB,F,MT,2007,3672.900000000,MLT,2007
A,MIO_EUR,NCO,S14_S15,LIAB,F,MT,2008,4024.100000000,MLT,2008
A,MIO_EUR,NCO,S14_S15,LIAB,F,MT,2009,4439.600000000,MLT,2009
A,MIO_EUR,NCO,S14_S15,LIAB,F,MT,2010,4637.900000000,MLT,2010
A,MIO_EUR,NCO,S14_S15,LIAB,F,MT,2011,4897.000000000,MLT,2011
A,MIO_EUR,NCO,S14_S15,LIAB,F,MT,2012,5265.300000000,MLT,2012
A,MIO_EUR,NCO,S14_S15,LIAB,F,MT,2013,5570.400000000,MLT,2013
A,MIO_EUR,NCO,S14_S15,LIAB,F,MT,2014,5754.100000000,MLT,2014
A,MIO_EUR,NCO,S14_S15,LIAB,F,MT,2015,5981.000000000,MLT,2015
A,MIO_EUR,NCO,S14_S15,LIAB,F,MT,2016,6438.200000000,MLT,2016
A,MIO_EUR,NCO,S14_S15,LIAB,F,MT,2017,7531.300000000,MLT,2017
A,MIO_EUR,NCO,S14_S15,LIAB,F,MT,2018,8304.200000000,MLT,2018
A,MIO_EUR,NCO,S14_S15,LIAB,F,MT,2019,9340.300000000,MLT,2019
A,MIO_EUR,NCO,S14_S15,LIAB,F,MT,2020,9665.900000000,MLT,2020
A,MIO_EUR,NCO,S14_S15,LIAB,F,MT,2021,10505.200000000,MLT,2021
A,MIO_EUR,NCO,S14_S15,LIAB,F,MT,2022,11340.100000000,MLT,2022
A,MIO_EUR,NCO,S14_S15,LIAB,F,MT,2023,12127.600000000,MLT,2023
A,MIO_EUR,NCO,S14_S15,LIAB,F,MT,2024,12816.700000000,MLT,2024
A,MIO_EUR,NCO,S14_S15,LIAB,F,NL,1995,264508.500000000,NLD,1995
A,MIO_EUR,NCO,S14_S15,LIAB,F,NL,1996,284125.400000000,NLD,1996
A,MIO_EUR,NCO,S14_S15,LIAB,F,NL,1997,311700.400000000,NLD,1997
A,MIO_EUR,NCO,S14_S15,LIAB,F,NL,1998,356393.000000000,NLD,1998
A,MIO_EUR,NCO,S14_S15,LIAB,F,NL,1999,403275.000000000,NLD,1999
A,MIO_EUR,NCO,S14_S15,LIAB,F,NL,2000,447641.000000000,NLD,2000
A,MIO_EUR,NCO,S14_S15,LIAB,F,NL,2001,481691.000000000,NLD,2001
A,MIO_EUR,NCO,S14_S15,LIAB,F,NL,2002,521025.000000000,NLD,2002
A,MIO_EUR,NCO,S14_S15,LIAB,F,NL,2003,568172.000000000,NLD,2003
A,MIO_EUR,NCO,S14_S15,LIAB,F,NL,2004,604201.000000000,NLD,2004
A,MIO_EUR,NCO,S14_S15,LIAB,F,NL,2005,656551.000000000,NLD,2005
A,MIO_EUR,NCO,S14_S15,LIAB,F,NL,2006,689501.000000000,NLD,2006
A,MIO_EUR,NCO,S14_S15,LIAB,F,NL,2007,733221.000000000,NLD,2007
A,MIO_EUR,NCO,S14_S15,LIAB,F,NL,2008,780808.000000000,NLD,2008
A,MIO_EUR,NCO,S14_S15,LIAB,F,NL,2009,847591.000000000,NLD,2009
A,MIO_EUR,NCO,S14_S15,LIAB,F,NL,2010,874063.000000000,NLD,2010
A,MIO_EUR,NCO,S14_S15,LIAB,F,NL,2011,876763.000000000,NLD,2011
A,MIO_EUR,NCO,S14_S15,LIAB,F,NL,2012,882155.000000000,NLD,2012
A,MIO_EUR,NCO,S14_S15,LIAB,F,NL,2013,875760.000000000,NLD,2013
A,MIO_EUR,NCO,S14_S15,LIAB,F,NL,2014,856866.000000000,NLD,2014
A,MIO_EUR,NCO,S14_S15,LIAB,F,NL,2015,870535.000000000,NLD,2015
A,MIO_EUR,NCO,S14_S15,LIAB,F,NL,2016,884874.000000000,NLD,2016
A,MIO_EUR,NCO,S14_S15,LIAB,F,NL,2017,903972.000000000,NLD,2017
A,MIO_EUR,NCO,S14_S15,LIAB,F,NL,2018,922379.000000000,NLD,2018
A,MIO_EUR,NCO,S14_S15,LIAB,F,NL,2019,942600.000000000,NLD,2019
A,MIO_EUR,NCO,S14_S15,LIAB,F,NL,2020,966700.000000000,NLD,2020
A,MIO_EUR,NCO,S14_S15,LIAB,F,NL,2021,1002786.000000000,NLD,2021
A,MIO_EUR,NCO,S14_S15,LIAB,F,NL,2022,1045670.000000000,NLD,2022
A,MIO_EUR,NCO,S14_S15,LIAB,F,NL,2023,1060965.000000000,NLD,2023
A,MIO_EUR,NCO,S14_S15,LIAB,F,NL,2024,1097619.000000000,NLD,2024
A,MIO_EUR,NCO,S14_S15,LIAB,F,AT,1995,77313.000000000,AUT,1995
A,MIO_EUR,NCO,S14_S15,LIAB,F,AT,1996,78738.900000000,AUT,1996
A,MIO_EUR,NCO,S14_S15,LIAB,F,AT,1997,80487.000000000,AUT,1997
A,MIO_EUR,NCO,S14_S15,LIAB,F,AT,1998,83302.500000000,AUT,1998
A,MIO_EUR,NCO,S14_S15,LIAB,F,AT,1999,90688.700000000,AUT,1999
A,MIO_EUR,NCO,S14_S15,LIAB,F,AT,2000,96442.700000000,AUT,2000
A,MIO_EUR,NCO,S14_S15,LIAB,F,AT,2001,100207.200000000,AUT,2001
A,MIO_EUR,NCO,S14_S15,LIAB,F,AT,2002,104909.500000000,AUT,2002
A,MIO_EUR,NCO,S14_S15,LIAB,F,AT,2003,108603.300000000,AUT,2003
A,MIO_EUR,NCO,S14_S15,LIAB,F,AT,2004,115706.100000000,AUT,2004
A,MIO_EUR,NCO,S14_S15,LIAB,F,AT,2005,132673.100000000,AUT,2005
A,MIO_EUR,NCO,S14_S15,LIAB,F,AT,2006,141173.000000000,AUT,2006
A,MIO_EUR,NCO,S14_S15,LIAB,F,AT,2007,147581.100000000,AUT,2007
A,MIO_EUR,NCO,S14_S15,LIAB,F,AT,2008,154460.800000000,AUT,2008
A,MIO_EUR,NCO,S14_S15,LIAB,F,AT,2009,154950.100000000,AUT,2009
A,MIO_EUR,NCO,S14_S15,LIAB,F,AT,2010,162388.100000000,AUT,2010
A,MIO_EUR,NCO,S14_S15,LIAB,F,AT,2011,165813.900000000,AUT,2011
A,MIO_EUR,NCO,S14_S15,LIAB,F,AT,2012,168853.100000000,AUT,2012
A,MIO_EUR,NCO,S14_S15,LIAB,F,AT,2013,170244.700000000,AUT,2013
A,MIO_EUR,NCO,S14_S15,LIAB,F,AT,2014,173702.500000000,AUT,2014
A,MIO_EUR,NCO,S14_S15,LIAB,F,AT,2015,178977.900000000,AUT,2015
A,MIO_EUR,NCO,S14_S15,LIAB,F,AT,2016,184407.500000000,AUT,2016
A,MIO_EUR,NCO,S14_S15,LIAB,F,AT,2017,187600.900000000,AUT,2017
A,MIO_EUR,NCO,S14_S15,LIAB,F,AT,2018,193225.700000000,AUT,2018
A,MIO_EUR,NCO,S14_S15,LIAB,F,AT,2019,199546.800000000,AUT,2019
A,MIO_EUR,NCO,S14_S15,LIAB,F,AT,2020,205409.300000000,AUT,2020
A,MIO_EUR,NCO,S14_S15,LIAB,F,AT,2021,214351.700000000,AUT,2021
A,MIO_EUR,NCO,S14_S15,LIAB,F,AT,2022,220907.900000000,AUT,2022
A,MIO_EUR,NCO,S14_S15,LIAB,F,AT,2023,217843.500000000,AUT,2023
A,MIO_EUR,NCO,S14_S15,LIAB,F,AT,2024,216925.700000000,AUT,2024
A,MIO_EUR,NCO,S14_S15,LIAB,F,PL,1995,2465.200000000,POL,1995
A,MIO_EUR,NCO,S14_S15,LIAB,F,PL,1996,4561.800000000,POL,1996
A,MIO_EUR,NCO,S14_S15,LIAB,F,PL,1997,6722.100000000,POL,1997
A,MIO_EUR,NCO,S14_S15,LIAB,F,PL,1998,10973.200000000,POL,1998
A,MIO_EUR,NCO,S14_S15,LIAB,F,PL,1999,12733.500000000,POL,1999
A,MIO_EUR,NCO,S14_S15,LIAB,F,PL,2000,16031.700000000,POL,2000
A,MIO_EUR,NCO,S14_S15,LIAB,F,PL,2001,28766.100000000,POL,2001
A,MIO_EUR,NCO,S14_S15,LIAB,F,PL,2002,32053.200000000,POL,2002
A,MIO_EUR,NCO,S14_S15,LIAB,F,PL,2003,24560.100000000,POL,2003
A,MIO_EUR,NCO,S14_S15,LIAB,F,PL,2004,31966.000000000,POL,2004
A,MIO_EUR,NCO,S14_S15,LIAB,F,PL,2005,40396.400000000,POL,2005
A,MIO_EUR,NCO,S14_S15,LIAB,F,PL,2006,53867.700000000,POL,2006
A,MIO_EUR,NCO,S14_S15,LIAB,F,PL,2007,77721.700000000,POL,2007
A,MIO_EUR,NCO,S14_S15,LIAB,F,PL,2008,95589.500000000,POL,2008
A,MIO_EUR,NCO,S14_S15,LIAB,F,PL,2009,108063.300000000,POL,2009
A,MIO_EUR,NCO,S14_S15,LIAB,F,PL,2010,126881.000000000,POL,2010
A,MIO_EUR,NCO,S14_S15,LIAB,F,PL,2011,126050.200000000,POL,2011
A,MIO_EUR,NCO,S14_S15,LIAB,F,PL,2012,139166.700000000,POL,2012
A,MIO_EUR,NCO,S14_S15,LIAB,F,PL,2013,142837.800000000,POL,2013
A,MIO_EUR,NCO,S14_S15,LIAB,F,PL,2014,146582.700000000,POL,2014
A,MIO_EUR,NCO,S14_S15,LIAB,F,PL,2015,155475.700000000,POL,2015
A,MIO_EUR,NCO,S14_S15,LIAB,F,PL,2016,157937.800000000,POL,2016
A,MIO_EUR,NCO,S14_S15,LIAB,F,PL,2017,170337.300000000,POL,2017
A,MIO_EUR,NCO,S14_S15,LIAB,F,PL,2018,177140.900000000,POL,2018
A,MIO_EUR,NCO,S14_S15,LIAB,F,PL,2019,189411.800000000,POL,2019
A,MIO_EUR,NCO,S14_S15,LIAB,F,PL,2020,182037.400000000,POL,2020
A,MIO_EUR,NCO,S14_S15,LIAB,F,PL,2021,189395.000000000,POL,2021
A,MIO_EUR,NCO,S14_S15,LIAB,F,PL,2022,177674.500000000,POL,2022
A,MIO_EUR,NCO,S14_S15,LIAB,F,PL,2023,190576.300000000,POL,2023
A,MIO_EUR,NCO,S14_S15,LIAB,F,PL,2024,198564.900000000,POL,2024
A,MIO_EUR,NCO,S14_S15,LIAB,F,PT,1995,31590.400000000,PRT,1995
A,MIO_EUR,NCO,S14_S15,LIAB,F,PT,1996,38882.700000000,PRT,1996
A,MIO_EUR,NCO,S14_S15,LIAB,F,PT,1997,45180.000000000,PRT,1997
A,MIO_EUR,NCO,S14_S15,LIAB,F,PT,1998,55952.100000000,PRT,1998
A,MIO_EUR,NCO,S14_S15,LIAB,F,PT,1999,69748.700000000,PRT,1999
A,MIO_EUR,NCO,S14_S15,LIAB,F,PT,2000,81251.000000000,PRT,2000
A,MIO_EUR,NCO,S14_S15,LIAB,F,PT,2001,93514.500000000,PRT,2001
A,MIO_EUR,NCO,S14_S15,LIAB,F,PT,2002,106068.500000000,PRT,2002
A,MIO_EUR,NCO,S14_S15,LIAB,F,PT,2003,113737.300000000,PRT,2003
A,MIO_EUR,NCO,S14_S15,LIAB,F,PT,2004,126136.800000000,PRT,2004
A,MIO_EUR,NCO,S14_S15,LIAB,F,PT,2005,136836.600000000,PRT,2005
A,MIO_EUR,NCO,S14_S15,LIAB,F,PT,2006,153014.600000000,PRT,2006
A,MIO_EUR,NCO,S14_S15,LIAB,F,PT,2007,166229.500000000,PRT,2007
A,MIO_EUR,NCO,S14_S15,LIAB,F,PT,2008,171135.100000000,PRT,2008
A,MIO_EUR,NCO,S14_S15,LIAB,F,PT,2009,176475.300000000,PRT,2009
A,MIO_EUR,NCO,S14_S15,LIAB,F,PT,2010,178789.400000000,PRT,2010
A,MIO_EUR,NCO,S14_S15,LIAB,F,PT,2011,181400.500000000,PRT,2011
A,MIO_EUR,NCO,S14_S15,LIAB,F,PT,2012,175026.100000000,PRT,2012
A,MIO_EUR,NCO,S14_S15,LIAB,F,PT,2013,169105.600000000,PRT,2013
A,MIO_EUR,NCO,S14_S15,LIAB,F,PT,2014,164839.600000000,PRT,2014
A,MIO_EUR,NCO,S14_S15,LIAB,F,PT,2015,162763.000000000,PRT,2015
A,MIO_EUR,NCO,S14_S15,LIAB,F,PT,2016,160152.000000000,PRT,2016
A,MIO_EUR,NCO,S14_S15,LIAB,F,PT,2017,161572.200000000,PRT,2017
A,MIO_EUR,NCO,S14_S15,LIAB,F,PT,2018,161911.100000000,PRT,2018
A,MIO_EUR,NCO,S14_S15,LIAB,F,PT,2019,171674.800000000,PRT,2019
A,MIO_EUR,NCO,S14_S15,LIAB,F,PT,2020,176565.300000000,PRT,2020
A,MIO_EUR,NCO,S14_S15,LIAB,F,PT,2021,184656.800000000,PRT,2021
A,MIO_EUR,NCO,S14_S15,LIAB,F,PT,2022,189136.300000000,PRT,2022
A,MIO_EUR,NCO,S14_S15,LIAB,F,PT,2023,189545.600000000,PRT,2023
A,MIO_EUR,NCO,S14_S15,LIAB,F,PT,2024,198846.800000000,PRT,2024
A,MIO_EUR,NCO,S14_S15,LIAB,F,RO,1995,1770.100000000,ROU,1995
A,MIO_EUR,NCO,S14_S15,LIAB,F,RO,1996,1352.800000000,ROU,1996
A,MIO_EUR,NCO,S14_S15,LIAB,F,RO,1997,923.400000000,ROU,1997
A,MIO_EUR,NCO,S14_S15,LIAB,F,RO,1998,988.000000000,ROU,1998
A,MIO_EUR,NCO,S14_S15,LIAB,F,RO,1999,901.100000000,ROU,1999
A,MIO_EUR,NCO,S14_S15,LIAB,F,RO,2000,910.400000000,ROU,2000
A,MIO_EUR,NCO,S14_S15,LIAB,F,RO,2001,1076.000000000,ROU,2001
A,MIO_EUR,NCO,S14_S15,LIAB,F,RO,2002,1916.300000000,ROU,2002
A,MIO_EUR,NCO,S14_S15,LIAB,F,RO,2003,3848.800000000,ROU,2003
A,MIO_EUR,NCO,S14_S15,LIAB,F,RO,2004,5876.100000000,ROU,2004
A,MIO_EUR,NCO,S14_S15,LIAB,F,RO,2005,11092.900000000,ROU,2005
A,MIO_EUR,NCO,S14_S15,LIAB,F,RO,2006,27113.300000000,ROU,2006
A,MIO_EUR,NCO,S14_S15,LIAB,F,RO,2007,31101.500000000,ROU,2007
A,MIO_EUR,NCO,S14_S15,LIAB,F,RO,2008,37389.200000000,ROU,2008
A,MIO_EUR,NCO,S14_S15,LIAB,F,RO,2009,35351.100000000,ROU,2009
A,MIO_EUR,NCO,S14_S15,LIAB,F,RO,2010,35445.300000000,ROU,2010
A,MIO_EUR,NCO,S14_S15,LIAB,F,RO,2011,36646.300000000,ROU,2011
A,MIO_EUR,NCO,S14_S15,LIAB,F,RO,2012,36778.000000000,ROU,2012
A,MIO_EUR,NCO,S14_S15,LIAB,F,RO,2013,36920.600000000,ROU,2013
A,MIO_EUR,NCO,S14_S15,LIAB,F,RO,2014,36023.000000000,ROU,2014
A,MIO_EUR,NCO,S14_S15,LIAB,F,RO,2015,33446.100000000,ROU,2015
A,MIO_EUR,NCO,S14_S15,LIAB,F,RO,2016,38379.400000000,ROU,2016
A,MIO_EUR,NCO,S14_S15,LIAB,F,RO,2017,36118.100000000,ROU,2017
A,MIO_EUR,NCO,S14_S15,LIAB,F,RO,2018,39664.800000000,ROU,2018
A,MIO_EUR,NCO,S14_S15,LIAB,F,RO,2019,45807.700000000,ROU,2019
A,MIO_EUR,NCO,S14_S15,LIAB,F,RO,2020,50138.400000000,ROU,2020
A,MIO_EUR,NCO,S14_S15,LIAB,F,RO,2021,51627.600000000,ROU,2021
A,MIO_EUR,NCO,S14_S15,LIAB,F,RO,2022,55448.200000000,ROU,2022
A,MIO_EUR,NCO,S14_S15,LIAB,F,RO,2023,59304.200000000,ROU,2023
A,MIO_EUR,NCO,S14_S15,LIAB,F,RO,2024,64295.300000000,ROU,2024
A,MIO_EUR,NCO,S14_S15,LIAB,F,SI,1995,2567.400000000,SVN,1995
A,MIO_EUR,NCO,S14_S15,LIAB,F,SI,1996,2752.200000000,SVN,1996
A,MIO_EUR,NCO,S14_S15,LIAB,F,SI,1997,2999.200000000,SVN,1997
A,MIO_EUR,NCO,S14_S15,LIAB,F,SI,1998,3458.600000000,SVN,1998
A,MIO_EUR,NCO,S14_S15,LIAB,F,SI,1999,4293.900000000,SVN,1999
A,MIO_EUR,NCO,S14_S15,LIAB,F,SI,2000,4505.700000000,SVN,2000
A,MIO_EUR,NCO,S14_S15,LIAB,F,SI,2001,4876.300000000,SVN,2001
A,MIO_EUR,NCO,S14_S15,LIAB,F,SI,2002,5148.700000000,SVN,2002
A,MIO_EUR,NCO,S14_S15,LIAB,F,SI,2003,5569.300000000,SVN,2003
A,MIO_EUR,NCO,S14_S15,LIAB,F,SI,2004,5936.000000000,SVN,2004
A,MIO_EUR,NCO,S14_S15,LIAB,F,SI,2005,7071.100000000,SVN,2005
A,MIO_EUR,NCO,S14_S15,LIAB,F,SI,2006,8246.000000000,SVN,2006
A,MIO_EUR,NCO,S14_S15,LIAB,F,SI,2007,10424.000000000,SVN,2007
A,MIO_EUR,NCO,S14_S15,LIAB,F,SI,2008,11599.000000000,SVN,2008
A,MIO_EUR,NCO,S14_S15,LIAB,F,SI,2009,12148.000000000,SVN,2009
A,MIO_EUR,NCO,S14_S15,LIAB,F,SI,2010,12864.000000000,SVN,2010
A,MIO_EUR,NCO,S14_S15,LIAB,F,SI,2011,12844.000000000,SVN,2011
A,MIO_EUR,NCO,S14_S15,LIAB,F,SI,2012,12891.000000000,SVN,2012
A,MIO_EUR,NCO,S14_S15,LIAB,F,SI,2013,12507.000000000,SVN,2013
A,MIO_EUR,NCO,S14_S15,LIAB,F,SI,2014,12462.000000000,SVN,2014
A,MIO_EUR,NCO,S14_S15,LIAB,F,SI,2015,12439.000000000,SVN,2015
A,MIO_EUR,NCO,S14_S15,LIAB,F,SI,2016,12836.000000000,SVN,2016
A,MIO_EUR,NCO,S14_S15,LIAB,F,SI,2017,13489.000000000,SVN,2017
A,MIO_EUR,NCO,S14_S15,LIAB,F,SI,2018,14276.000000000,SVN,2018
A,MIO_EUR,NCO,S14_S15,LIAB,F,SI,2019,14879.000000000,SVN,2019
A,MIO_EUR,NCO,S14_S15,LIAB,F,SI,2020,14893.000000000,SVN,2020
A,MIO_EUR,NCO,S14_S15,LIAB,F,SI,2021,15794.000000000,SVN,2021
A,MIO_EUR,NCO,S14_S15,LIAB,F,SI,2022,16772.000000000,SVN,2022
A,MIO_EUR,NCO,S14_S15,LIAB,F,SI,2023,17557.000000000,SVN,2023
A,MIO_EUR,NCO,S14_S15,LIAB,F,SI,2024,18543.000000000,SVN,2024
A,MIO_EUR,NCO,S14_S15,LIAB,F,SK,1995,4755.500000000,SVK,1995
A,MIO_EUR,NCO,S14_S15,LIAB,F,SK,1996,4720.300000000,SVK,1996
A,MIO_EUR,NCO,S14_S15,LIAB,F,SK,1997,4813.900000000,SVK,1997
A,MIO_EUR,NCO,S14_S15,LIAB,F,SK,1998,4229.600000000,SVK,1998
A,MIO_EUR,NCO,S14_S15,LIAB,F,SK,1999,4427.500000000,SVK,1999
A,MIO_EUR,NCO,S14_S15,LIAB,F,SK,2000,4939.100000000,SVK,2000
A,MIO_EUR,NCO,S14_S15,LIAB,F,SK,2001,5433.700000000,SVK,2001
A,MIO_EUR,NCO,S14_S15,LIAB,F,SK,2002,6293.400000000,SVK,2002
A,MIO_EUR,NCO,S14_S15,LIAB,F,SK,2003,6846.400000000,SVK,2003
A,MIO_EUR,NCO,S14_S15,LIAB,F,SK,2004,6977.000000000,SVK,2004
A,MIO_EUR,NCO,S14_S15,LIAB,F,SK,2005,8197.700000000,SVK,2005
A,MIO_EUR,NCO,S14_S15,LIAB,F,SK,2006,9573.600000000,SVK,2006
A,MIO_EUR,NCO,S14_S15,LIAB,F,SK,2007,12123.100000000,SVK,2007
A,MIO_EUR,NCO,S14_S15,LIAB,F,SK,2008,18349.200000000,SVK,2008
A,MIO_EUR,NCO,S14_S15,LIAB,F,SK,2009,17434.400000000,SVK,2009
A,MIO_EUR,NCO,S14_S15,LIAB,F,SK,2010,18388.600000000,SVK,2010
A,MIO_EUR,NCO,S14_S15,LIAB,F,SK,2011,20079.600000000,SVK,2011
A,MIO_EUR,NCO,S14_S15,LIAB,F,SK,2012,23230.100000000,SVK,2012
A,MIO_EUR,NCO,S14_S15,LIAB,F,SK,2013,24894.000000000,SVK,2013
A,MIO_EUR,NCO,S14_S15,LIAB,F,SK,2014,27418.100000000,SVK,2014
A,MIO_EUR,NCO,S14_S15,LIAB,F,SK,2015,30155.600000000,SVK,2015
A,MIO_EUR,NCO,S14_S15,LIAB,F,SK,2016,33543.300000000,SVK,2016
A,MIO_EUR,NCO,S14_S15,LIAB,F,SK,2017,35339.500000000,SVK,2017
A,MIO_EUR,NCO,S14_S15,LIAB,F,SK,2018,40489.500000000,SVK,2018
A,MIO_EUR,NCO,S14_S15,LIAB,F,SK,2019,42732.700000000,SVK,2019
A,MIO_EUR,NCO,S14_S15,LIAB,F,SK,2020,46152.600000000,SVK,2020
A,MIO_EUR,NCO,S14_S15,LIAB,F,SK,2021,49498.800000000,SVK,2021
A,MIO_EUR,NCO,S14_S15,LIAB,F,SK,2022,54546.000000000,SVK,2022
A,MIO_EUR,NCO,S14_S15,LIAB,F,SK,2023,57475.900000000,SVK,2023
A,MIO_EUR,NCO,S14_S15,LIAB,F,SK,2024,59631.500000000,SVK,2024
A,MIO_EUR,NCO,S14_S15,LIAB,F,FI,1995,39852.400000000,FIN,1995
A,MIO_EUR,NCO,S14_S15,LIAB,F,FI,1996,36721.800000000,FIN,1996
A,MIO_EUR,NCO,S14_S15,LIAB,F,FI,1997,34986.600000000,FIN,1997
A,MIO_EUR,NCO,S14_S15,LIAB,F,FI,1998,37922.000000000,FIN,1998
A,MIO_EUR,NCO,S14_S15,LIAB,F,FI,1999,41184.000000000,FIN,1999
A,MIO_EUR,NCO,S14_S15,LIAB,F,FI,2000,45020.000000000,FIN,2000
A,MIO_EUR,NCO,S14_S15,LIAB,F,FI,2001,48478.000000000,FIN,2001
A,MIO_EUR,NCO,S14_S15,LIAB,F,FI,2002,54071.000000000,FIN,2002
A,MIO_EUR,NCO,S14_S15,LIAB,F,FI,2003,59933.000000000,FIN,2003
A,MIO_EUR,NCO,S14_S15,LIAB,F,FI,2004,69416.000000000,FIN,2004
A,MIO_EUR,NCO,S14_S15,LIAB,F,FI,2005,79517.000000000,FIN,2005
A,MIO_EUR,NCO,S14_S15,LIAB,F,FI,2006,91198.000000000,FIN,2006
A,MIO_EUR,NCO,S14_S15,LIAB,F,FI,2007,100863.000000000,FIN,2007
A,MIO_EUR,NCO,S14_S15,LIAB,F,FI,2008,109071.000000000,FIN,2008
A,MIO_EUR,NCO,S14_S15,LIAB,F,FI,2009,112547.000000000,FIN,2009
A,MIO_EUR,NCO,S14_S15,LIAB,F,FI,2010,119534.000000000,FIN,2010
A,MIO_EUR,NCO,S14_S15,LIAB,F,FI,2011,127841.000000000,FIN,2011
A,MIO_EUR,NCO,S14_S15,LIAB,F,FI,2012,132808.000000000,FIN,2012
A,MIO_EUR,NCO,S14_S15,LIAB,F,FI,2013,136777.000000000,FIN,2013
A,MIO_EUR,NCO,S14_S15,LIAB,F,FI,2014,138004.000000000,FIN,2014
A,MIO_EUR,NCO,S14_S15,LIAB,F,FI,2015,143974.000000000,FIN,2015
A,MIO_EUR,NCO,S14_S15,LIAB,F,FI,2016,153897.000000000,FIN,2016
A,MIO_EUR,NCO,S14_S15,LIAB,F,FI,2017,164187.000000000,FIN,2017
A,MIO_EUR,NCO,S14_S15,LIAB,F,FI,2018,177591.000000000,FIN,2018
A,MIO_EUR,NCO,S14_S15,LIAB,F,FI,2019,186803.000000000,FIN,2019
A,MIO_EUR,NCO,S14_S15,LIAB,F,FI,2020,198915.000000000,FIN,2020
A,MIO_EUR,NCO,S14_S15,LIAB,F,FI,2021,207653.000000000,FIN,2021
A,MIO_EUR,NCO,S14_S15,LIAB,F,FI,2022,212627.000000000,FIN,2022
A,MIO_EUR,NCO,S14_S15,LIAB,F,FI,2023,211544.000000000,FIN,2023
A,MIO_EUR,NCO,S14_S15,LIAB,F,FI,2024,209378.000000000,FIN,2024
A,MIO_EUR,NCO,S14_S15,LIAB,F,SE,1995,96610.800000000,SWE,1995
A,MIO_EUR,NCO,S14_S15,LIAB,F,SE,1996,99814.200000000,SWE,1996
A,MIO_EUR,NCO,S14_S15,LIAB,F,SE,1997,104341.600000000,SWE,1997
A,MIO_EUR,NCO,S14_S15,LIAB,F,SE,1998,102096.300000000,SWE,1998
A,MIO_EUR,NCO,S14_S15,LIAB,F,SE,1999,122852.100000000,SWE,1999
A,MIO_EUR,NCO,S14_S15,LIAB,F,SE,2000,130680.300000000,SWE,2000
A,MIO_EUR,NCO,S14_S15,LIAB,F,SE,2001,148067.300000000,SWE,2001
A,MIO_EUR,NCO,S14_S15,LIAB,F,SE,2002,160700.800000000,SWE,2002
A,MIO_EUR,NCO,S14_S15,LIAB,F,SE,2003,174836.200000000,SWE,2003
A,MIO_EUR,NCO,S14_S15,LIAB,F,SE,2004,192704.900000000,SWE,2004
A,MIO_EUR,NCO,S14_S15,LIAB,F,SE,2005,204922.300000000,SWE,2005
A,MIO_EUR,NCO,S14_S15,LIAB,F,SE,2006,236141.400000000,SWE,2006
A,MIO_EUR,NCO,S14_S15,LIAB,F,SE,2007,247830.600000000,SWE,2007
A,MIO_EUR,NCO,S14_S15,LIAB,F,SE,2008,228583.700000000,SWE,2008
A,MIO_EUR,NCO,S14_S15,LIAB,F,SE,2009,260561.700000000,SWE,2009
A,MIO_EUR,NCO,S14_S15,LIAB,F,SE,2010,321134.300000000,SWE,2010
A,MIO_EUR,NCO,S14_S15,LIAB,F,SE,2011,337554.300000000,SWE,2011
A,MIO_EUR,NCO,S14_S15,LIAB,F,SE,2012,362593.700000000,SWE,2012
A,MIO_EUR,NCO,S14_S15,LIAB,F,SE,2013,365452.500000000,SWE,2013
A,MIO_EUR,NCO,S14_S15,LIAB,F,SE,2014,363175.000000000,SWE,2014
A,MIO_EUR,NCO,S14_S15,LIAB,F,SE,2015,397336.600000000,SWE,2015
A,MIO_EUR,NCO,S14_S15,LIAB,F,SE,2016,411540.900000000,SWE,2016
A,MIO_EUR,NCO,S14_S15,LIAB,F,SE,2017,425613.700000000,SWE,2017
A,MIO_EUR,NCO,S14_S15,LIAB,F,SE,2018,430735.000000000,SWE,2018
A,MIO_EUR,NCO,S14_S15,LIAB,F,SE,2019,443402.400000000,SWE,2019
A,MIO_EUR,NCO,S14_S15,LIAB,F,SE,2020,489274.300000000,SWE,2020
A,MIO_EUR,NCO,S14_S15,LIAB,F,SE,2021,511476.700000000,SWE,2021
A,MIO_EUR,NCO,S14_S15,LIAB,F,SE,2022,490138.200000000,SWE,2022
A,MIO_EUR,NCO,S14_S15,LIAB,F,SE,2023,495086.400000000,SWE,2023
A,MIO_EUR,NCO,S14_S15,LIAB,F,SE,2024,485473.800000000,SWE,2024
